Location,Revenue
MUMBAI,32083841.027575094
DELHI,31098974.702249944
BANGALORE,23619545.624175027
HYDERABAD,15813386.272275038
CHENNAI,12635181.747775022
PUNE,10902138.433074977
AHMEDABAD,8114984.056000004
KOLKATA,7805354.578125002
JAIPUR,4854492.123824993
LUCKNOW,3270708.125625008
OTHER,3079421.8241499993
VARANASI,1744065.5895500006
SRINAGAR,1585926.5580000002
DEHRADUN,1569218.8961250007
