"Purchase Month",Revenue
August,13218965.910499988
February,10000245.579050003
March,12553164.14197503
November,15848368.780949984
May,13197088.306999957
July,11848799.931549972
October,14022442.357650036
December,17901056.73630002
April,13018431.098499961
September,13218605.848849984
June,11323599.190799978
January,12026471.675399967
