Gender,Revenue
Female,52713317.9548245
Male,51900709.81032505
Other,53563211.793375194
