"Product Category",Revenue
Electronics,47482567.69587504
Clothing,31220376.71232493
"Beauty and Health",24185519.691850036
"Sports & Fitness",16139834.538224963
"Home & Kitchen",15892593.909549981
